seed,scenario,topology,n_neighborhoods,n_steps,stgnn_land_value_mae,stgnn_land_value_rmse,stgnn_rent_mae,stgnn_rent_rmse,stgnn_accessibility_mae,stgnn_accessibility_rmse,stgnn_overall_mae,stgnn_overall_rmse,mlp_land_value_mae,mlp_land_value_rmse,mlp_rent_mae,mlp_rent_rmse,mlp_accessibility_mae,mlp_accessibility_rmse,mlp_overall_mae,mlp_overall_rmse,slm_land_value_mae,slm_land_value_rmse,slm_rent_mae,slm_rent_rmse,slm_accessibility_mae,slm_accessibility_rmse,slm_overall_mae,slm_overall_rmse,persistence_land_value_mae,persistence_land_value_rmse,persistence_rent_mae,persistence_rent_rmse,persistence_accessibility_mae,persistence_accessibility_rmse,persistence_overall_mae,persistence_overall_rmse,graph_overall_mae,graph_overall_rmse,baseline_overall_mae,baseline_overall_rmse,graph_beats_baseline,direct_effect_l1,spillover_effect_l1,ite_l1,ste_l1,treated_fraction,mean_exposure
1,baseline,real,16,18,24.314117439133383,44.18499848251268,20.430329932607254,48.8150383571909,0.02179532519853964,0.026908924102860138,14.922080898979724,38.01413239311516,19.787030543101423,23.931037623984096,20.327107660697283,27.13080002770708,0.17662417114903278,0.23008199512207583,13.430254124982579,20.887219454556835,9.641988975684903,12.140149675623078,11.097384464812288,15.152795854670526,0.050300416473691836,0.06246897821738838,6.929891285656961,11.210030608538213,99.71232328441951,127.23444120777391,79.45825387248856,114.01236190602178,0.014266803607200968,0.015899452176096972,59.72828132017175,98.63640631064635,14.922080898979724,38.01413239311516,13.430254124982579,20.887219454556835,0.0,5.731260776519775,0.5576837062835693,0.00978394877165556,0.013554704375565052,0.25,0.2447916716337204
2,baseline,real,16,18,22.148041999710614,43.3379896497533,18.626477722798757,49.3904425310451,0.056533697735199805,0.0697637015491669,13.610351140081525,37.93679843840563,25.400790859558263,29.579996984748856,21.00004735058237,29.168290679953284,0.06233983302405701,0.11598328465129215,15.487726014388231,23.984570421629538,16.898899381544062,24.72151792860881,12.08846700226754,16.320748953197732,0.02584292161111413,0.035743093161983854,9.67106976847424,17.1028416026552,99.40908630272321,128.18443214858615,80.32474504569134,114.7931682518338,0.014230512016603736,0.01593375291904028,59.916020620143726,99.34572692779125,13.610351140081525,37.93679843840563,15.487726014388231,23.984570421629538,1.0,5.633154392242432,0.523381233215332,0.011534891091287136,0.021399229764938354,0.25,0.2447916716337204
3,baseline,real,16,18,25.170824129689628,47.93946144469722,20.257325622535966,52.82234367776714,0.032801782696143957,0.03902900723688032,15.153650511640581,41.18411295019462,55.56338248233317,86.79800799997167,27.783037087296655,36.21181106909216,0.5480398084292347,0.7654454591520233,27.964819792686352,54.30093725531727,3.9696753330230985,5.363565400418209,4.403660117929815,5.953324078296198,0.018395010277904977,0.022480462987208835,2.797243487076939,4.626388323411715,99.98412608938226,130.26244746265388,78.04170494974788,109.24062498272731,0.013885726807824314,0.015600307136714989,59.34657225531266,98.15263557158839,15.153650511640581,41.18411295019462,27.964819792686352,54.30093725531727,1.0,5.789432525634766,0.2868746817111969,0.014152259565889835,0.012937805615365505,0.25,0.2447916716337204
4,baseline,real,16,18,22.991249697980514,48.04039405953017,16.711784189443293,47.47461366990211,0.022509305674392504,0.028826518192305237,13.241847731032733,38.99452626318019,25.12968410935698,40.8905616035621,28.81715985649846,39.85704398920656,0.14958867708230242,0.21793880841150712,18.032144214312584,32.968012179163736,3.367889664351164,4.739499014254482,13.329947744627702,18.18028816287071,0.023329740710154263,0.030497132487303645,5.573722383229674,10.847221743626736,101.51278222230192,131.76776887494566,79.59915617678408,113.10383879626657,0.014828724452254995,0.016393372746509014,60.37558904117941,100.25837210839406,13.241847731032733,38.99452626318019,18.032144214312584,32.968012179163736,1.0,5.595479488372803,0.47902023792266846,0.010540186427533627,0.016165995970368385,0.25,0.2447916716337204
5,baseline,real,16,18,22.7356461747143,38.08981095509132,21.321983032718094,45.89536284899322,0.025766175767105836,0.03157440186533562,14.694465127733167,34.4345709357045,34.87454876893834,48.947205546071395,19.006484555829967,23.364218434941773,0.13838315108127577,0.22559236482651346,18.00647215861653,31.314355205241487,6.03092811962656,7.868360514015966,19.703448651330632,25.434894616275386,0.03376981517522439,0.045062723565766474,8.589382195377471,15.371477829285157,97.5944221298686,125.67131334130983,79.20125450837698,111.9625191887094,0.013855798956505938,0.01568973468269481,58.9365108124007,97.17490236026237,14.694465127733167,34.4345709357045,18.00647215861653,31.314355205241487,1.0,5.817630290985107,0.5552853941917419,0.01762779988348484,0.01349299494177103,0.25,0.2447916716337204
6,baseline,real,16,18,24.054985661206437,49.19406472373153,20.248973792044758,51.647437927613545,0.03229600811866714,0.043204371966776484,14.77875182045662,41.18056060467988,19.674078490562476,33.7058893699817,25.029470350890254,33.409810503916354,0.19315791280177835,0.29030040568280097,14.965568918084838,27.400648961016625,13.101501125226813,21.48751834373983,15.21182023111579,19.10698970742647,0.03349384265571586,0.04051061322982856,9.448938399666106,16.601125879108732,100.41798453795253,130.96112586835758,81.648473786663,117.59407012328403,0.013759047771841337,0.015427212813338812,60.69340579079579,101.61886644855298,14.77875182045662,41.18056060467988,14.965568918084838,27.400648961016625,1.0,5.283130168914795,0.7343978881835938,0.015344876796007156,0.00902122538536787,0.25,0.2447916716337204
7,baseline,real,16,18,19.88915530188082,41.649357086393756,19.37603885264155,48.88762529597683,0.021277274626884175,0.028692330510697025,13.095490476383084,37.07950770996293,33.72730891124353,49.23134977792804,16.392128641672997,24.686223381110093,0.17137330628456646,0.2526049145020203,16.7636036197337,31.79727050666242,6.909295249069304,8.88562023434348,8.513710859805666,11.978881527659091,0.024062269402972646,0.03702819830843453,5.149022792759314,8.61102434266943,99.83047929233213,129.3669380030929,81.28874078947665,116.16891519000396,0.01418232657188973,0.016037555307265302,60.37780080279356,100.38429784569828,13.095490476383084,37.07950770996293,16.7636036197337,31.79727050666242,1.0,5.780492782592773,0.3609696924686432,0.014991139061748981,0.012706858105957508,0.25,0.2447916716337204
8,baseline,real,16,18,23.669542634981276,40.08794919673037,19.18129296906297,46.388597911343176,0.03576657725211988,0.04494522376537972,14.29553406043212,35.3974938239656,27.062935441164427,31.89123347937549,17.41646010906865,23.045495584223797,0.12273539867290537,0.21207949228400458,14.867376982968665,22.717031916380613,10.827563785380097,15.400960545704804,15.132239306382838,20.118512232924836,0.029125959471552963,0.03705121215885822,8.662976350411496,14.628117821385688,98.21382861639529,124.24154225306752,78.57216324473869,112.04099466013193,0.013457626884951179,0.015236261361490942,58.93314982933965,96.59045076679188,14.29553406043212,35.3974938239656,14.867376982968665,22.717031916380613,1.0,5.8752665519714355,0.4367576539516449,0.013548876158893108,0.014490473084151745,0.25,0.2447916716337204
9,baseline,real,16,18,24.185918533306726,46.06977007706627,21.7788185351959,50.263037637087194,0.019684734411132193,0.024973299539281794,15.32814060097125,39.36494756813767,20.879500825399806,42.95204635881792,24.60495885338463,33.52494988886109,0.09177628694002374,0.1992502721404901,15.192078655241486,31.45812164413529,6.72577418856063,8.25686046355338,3.9137107119296246,5.3451822637783195,0.02494189617917749,0.031090940726439604,3.554808932223144,5.678840397892176,100.23241518413028,129.9068080455138,81.33562523412289,115.7290761594199,0.013759105162198321,0.015461733259404684,60.52726650780512,100.44732962163467,15.32814060097125,39.36494756813767,15.192078655241486,31.45812164413529,0.0,5.620847702026367,0.5277780890464783,0.012774452567100525,0.019598769024014473,0.25,0.2447916716337204
10,baseline,real,16,18,28.573236886596426,51.521991887671895,26.08803368287365,52.77371531846235,0.015746509731347086,0.019723522734257395,18.22567235973381,42.58161209412965,19.40302457371801,27.975654398686434,20.816882059097452,28.041326620427874,0.0645761267122926,0.17966077517315338,13.428160919842586,22.8690876925046,7.30711502281248,10.221774209527052,19.173645984020887,22.86967664963515,0.03415990295449524,0.04347832000762663,8.838306969929288,14.462695327562914,101.99615504789104,131.75851064132982,78.38406600411255,111.3623842605442,0.014257197268676119,0.016212491378059073,60.13149274975743,99.60235274573823,18.22567235973381,42.58161209412965,13.428160919842586,22.8690876925046,0.0,5.396728992462158,0.7254475951194763,0.03170695900917053,0.005175550002604723,0.25,0.2447916716337204
1,market_led,real,16,18,26.905370635909332,47.61810598187088,20.910809416694246,51.617218408348194,0.02064518686369036,0.024546977143990085,15.945608413155755,40.54553759280994,22.49525471898975,25.7555282007667,22.71414252044284,32.363798227542205,0.0871030567654304,0.10156604454957951,15.098833432066007,23.8800682876952,9.573739019640172,11.983593893394328,11.531304757603843,15.57222781151566,0.04921079040248494,0.06014381702381172,7.0514181892155,11.344667159716732,101.51227659870678,130.6526156816257,81.33366651694982,118.3161276500381,0.014266803607200968,0.015899452176096972,60.953403306421265,101.76576421590788,15.945608413155755,40.54553759280994,15.098833432066007,23.8800682876952,0.0,5.576486110687256,0.564561665058136,0.019847292453050613,0.027374565601348877,0.25,0.2447916716337204
2,market_led,real,16,18,25.898240831151234,46.93739519898228,22.02813757940988,56.87353420936788,0.03692838854651977,0.047646301215960314,15.987768933035879,42.574328069466155,25.656579665033497,30.054825605728148,22.46787886342679,31.074749415480806,0.07954685242263373,0.14352231023391487,16.068001793627637,24.959655393449058,17.0124470508844,24.389119301676526,12.637804581112896,16.99858312735864,0.025610916678458107,0.0351835302326583,9.891954182891917,17.163742856478322,101.23100058539546,131.66525089783823,82.21389888709817,119.09954605716109,0.014230512016603736,0.01593375291904028,61.153043328170085,102.50274861176001,15.987768933035879,42.574328069466155,16.068001793627637,24.959655393449058,1.0,5.518115520477295,0.5365647673606873,0.012157220393419266,0.027766257524490356,0.25,0.2447916716337204
3,market_led,real,16,18,26.37693734766224,47.63200563305696,20.048056148829385,52.751525749796905,0.02559170052316425,0.03517768401706441,15.48352839900493,41.03467097885441,56.53050930982647,89.71689841378824,25.181699231313125,32.3511890401395,0.5054898982806133,0.6765283242355088,27.405899479806735,55.06414133800186,3.910920570979772,5.257599974984157,4.428866261202313,5.940259116927134,0.018382638166557948,0.022438933356310867,2.7860564901162146,4.58001235001681,101.83830207549296,133.83217932459107,79.83509354420255,113.23850185934684,0.013885726807824314,0.015600307136714989,60.56242711550111,101.21595850702658,15.48352839900493,41.03467097885441,27.405899479806735,55.06414133800186,1.0,5.713352203369141,0.29491469264030457,0.03565460443496704,0.019453585147857666,0.25,0.2447916716337204
4,market_led,real,16,18,21.66694317123794,46.27535460809736,18.65581887929481,49.37672191415344,0.027544920094639807,0.03217382935554482,13.450102323542465,39.07032184087257,23.64992264418404,40.032684682948044,27.312341031210927,34.90044575367404,0.15041100272424063,0.2013049861358772,17.03755822603974,30.66321074962052,3.4245113481049003,4.8092812022476075,14.095308837902234,18.758486729042794,0.02359427977486865,0.030522310914825945,5.847804821927334,11.180502994907853,103.39078810653095,135.36556659307286,81.45508841404676,117.31838666394702,0.014828724452254995,0.016393372746509014,61.62023508167667,103.42056651884687,13.450102323542465,39.07032184087257,17.03755822603974,30.66321074962052,1.0,5.635456562042236,0.35873767733573914,0.03737398609519005,0.03749256208539009,0.25,0.2447916716337204
5,market_led,real,16,18,24.996186982286453,40.180582969348805,21.5324884108817,48.642512809168686,0.041307487310461674,0.05134311547709874,15.523327626826205,36.426070957774044,36.22043162124832,51.36389025612306,20.200588257712838,24.862560868378132,0.1228237387984441,0.20232547547248134,18.847947872586534,32.94660878236629,6.253033206070623,8.16641170897779,20.23072232865611,26.20545980723765,0.03286301342815785,0.044223651906469236,8.838872849384964,15.847380011016178,99.37679300075959,129.07922605627255,81.03808636696041,116.10531748986186,0.013855798956505938,0.01568973468269481,60.1429117222255,100.23620702267172,15.523327626826205,36.426070957774044,18.847947872586534,32.94660878236629,1.0,5.768883228302002,0.48784923553466797,0.03250810503959656,0.018833955749869347,0.25,0.2447916716337204
6,market_led,real,16,18,21.32435967863981,50.82751851738103,18.522320621338366,53.92437333881486,0.025439578624965774,0.03573027887088039,13.290706626201047,42.78347015406545,18.749483522096035,31.564708478284338,27.04100401949388,36.293157837287815,0.179582417089625,0.2735909258330831,15.32335665289318,27.77048180542342,13.190815212638682,21.551602794114046,15.80145145245649,19.789690100734195,0.03313193505823201,0.04004528585854551,9.675132866717801,16.892848791754858,102.28637613498039,134.55468516190288,83.58212887255517,122.0328602206241,0.013759047771841337,0.015427212813338812,61.96075468510248,104.87608960203795,13.290706626201047,42.78347015406545,15.32335665289318,27.77048180542342,1.0,5.253859996795654,0.5952518582344055,0.01251433789730072,0.01633099652826786,0.25,0.2447916716337204
7,market_led,real,16,18,24.4071769322031,46.181559144632956,20.298592370989102,52.72828700921911,0.02643254774329058,0.03236616187611531,14.91073395031183,40.46813439207138,33.727523402448654,49.490242144865846,17.71397684950417,26.007423995853575,0.15567276530798557,0.2282250912013155,17.19905767242027,32.27859072279855,7.012734698372073,8.972814713973442,8.934188945583765,12.512153317584044,0.023756729137054455,0.03621904279037477,5.323560124364297,8.889444983670023,101.67239192727212,132.89844093970785,83.19879225004203,120.5328251172616,0.01418232657188973,0.016037555307265302,61.628455501295356,103.58596718371422,14.91073395031183,40.46813439207138,17.19905767242027,32.27859072279855,1.0,5.694362640380859,0.3756972551345825,0.021455012261867523,0.01237202063202858,0.25,0.2447916716337204
8,market_led,real,16,18,26.747422863207202,44.140249261411405,21.790486295514114,49.324886378016274,0.0246245234901324,0.030199946969533587,16.187511227403814,38.215646590982175,29.191156563180925,34.56231015354012,15.456102558862984,20.70700875019991,0.1378134479589268,0.2678964134219831,14.92835752333428,23.262310454314168,10.694121025561694,14.975906586273329,15.572145182268134,20.75215869802348,0.027937786561232546,0.03600922798892892,8.764734664797022,14.7753304009672,99.96560827821321,127.5494540833119,80.41237863921472,116.22541317752285,0.013457626884951179,0.015236261361490942,60.13048151477095,99.62799161109368,16.187511227403814,38.215646590982175,14.92835752333428,23.262310454314168,0.0,5.687083721160889,0.5236415266990662,0.037996578961610794,0.029175618663430214,0.25,0.2447916716337204
9,market_led,real,16,18,23.048492036903383,47.36028548147767,18.990217736424636,52.79756968773913,0.025187630467907646,0.031004032669586862,14.021299134598642,40.94948500721662,21.914014791183256,45.37727727469569,25.42492660834487,34.60292234415618,0.08894167793042804,0.18198576280231937,15.809294359152853,32.94688982002287,6.89342094687458,8.516140155153847,4.145369375331794,5.65324226275992,0.026053153211171597,0.03243075619412428,3.6882811584725155,5.90154903330829,102.08729997296805,133.45374453357246,83.23221776683408,120.03231855928092,0.013759105162198321,0.015461733259404684,61.77775894832144,103.63020741690767,14.021299134598642,40.94948500721662,15.809294359152853,32.94688982002287,1.0,5.491698741912842,0.46614253520965576,0.026305288076400757,0.033868398517370224,0.25,0.2447916716337204
10,market_led,real,16,18,27.468953668537807,48.846484587780324,22.989365827183516,52.00195736676446,0.02009352752100528,0.02529969849887188,16.82613767441411,41.191355349691975,20.21786641492742,29.669162978043236,18.95824776386745,25.99956415307851,0.07161637063651435,0.20155586908331866,13.082576849810462,22.776282933028515,7.571929805778692,10.187738278816544,19.904923408703812,23.710739238435828,0.03437604603965548,0.04358835056955511,9.170409753507386,14.899564494922547,103.877743843865,135.34654153691812,80.21039469918634,115.50509637494103,0.014257197268676119,0.016212491378059073,61.367465246773335,102.72960277257637,16.82613767441411,41.191355349691975,13.082576849810462,22.776282933028515,0.0,5.544254302978516,0.5581611394882202,0.0223135594278574,0.02728712372481823,0.25,0.2447916716337204
1,inclusionary_housing,real,16,18,27.293704652621425,47.3513560078415,19.115889109557735,47.3338174188326,0.022372287148415344,0.027571008249329915,15.477322016442525,38.655064124386186,21.019215000308936,26.25213163070197,18.911247410084076,27.013447791585637,0.20658526586985354,0.26507377781926467,13.379015892087624,21.748341245959526,9.736294911094536,12.287098061743773,10.766768519843883,14.858427114498078,0.05026364789027633,0.06364700917132425,6.851109026276231,11.131781618973305,99.71232328441951,127.23444120777391,78.05169551243627,110.81364009179109,0.014266803607200968,0.015899452176096972,59.25942853348765,97.41366453196744,15.477322016442525,38.655064124386186,13.379015892087624,21.748341245959526,0.0,5.673917770385742,0.5805401802062988,0.01890469342470169,0.027439778670668602,0.25,0.2447916716337204
2,inclusionary_housing,real,16,18,24.99394177948767,45.1020364845428,19.276835985626906,52.64649699110342,0.030292575928238523,0.03857739940475069,14.767023447014271,40.024362700331395,26.207558966271165,31.20377274674599,19.734843374972932,27.176293515137754,0.06149385377137706,0.1167955713173261,15.334632065005156,23.89030489589843,16.699417897470973,24.86212652109728,11.688624896605669,15.900395888814577,0.025616321545522812,0.03566494708588515,9.47121970520739,17.038673623657164,99.40908630272321,128.18443214858615,78.90787907076188,111.5931530352453,0.014230512016603736,0.01593375291904028,59.443731961833905,98.12284936664453,14.767023447014271,40.024362700331395,15.334632065005156,23.89030489589843,1.0,5.658727645874023,0.4910174310207367,0.013029185123741627,0.0226381067186594,0.25,0.2447916716337204
3,inclusionary_housing,real,16,18,24.020313212578294,47.30744799866934,20.011448471123646,50.42748246655766,0.0317756748380942,0.04413627995248094,14.687845786180013,39.920452452650515,44.61588892235244,68.35462081687093,21.01075038434836,27.200572085462504,0.44760914426591897,0.6152733754529076,22.024749483655572,42.475890691548734,3.99318795472173,5.38698850821477,4.339550073309466,5.904930384436942,0.018322538657876464,0.02242467277750977,2.7836868555630248,4.614771604988839,99.98412608938226,130.26244746265388,76.69666539951677,106.27225564487773,0.013885726807824314,0.015600307136714989,58.89822573856895,97.06028673317853,14.687845786180013,39.920452452650515,22.024749483655572,42.475890691548734,1.0,5.756822109222412,0.29719555377960205,0.03405671939253807,0.016985734924674034,0.25,0.2447916716337204
4,inclusionary_housing,real,16,18,25.336072496444114,47.16137392365568,18.987265697617765,48.315975714132044,0.023005086721719234,0.02808992394296699,14.782114426927865,38.981318126419204,24.967223547374452,40.64969692068012,29.190353030985403,40.29077065167597,0.1228329404160858,0.1787945586264475,18.09346983959198,33.04429364223773,3.512514463526062,4.843867081608058,12.659400627561075,17.69912906854488,0.02266377933561193,0.029362262978662762,5.398192956807583,10.594386567608712,101.51278222230192,131.76776887494566,78.20721205665521,109.97276866936645,0.014828724452254995,0.016393372746509014,59.911607667803125,99.09045536247802,14.782114426927865,38.981318126419204,18.09346983959198,33.04429364223773,1.0,5.709142684936523,0.39812102913856506,0.03531494736671448,0.03516428545117378,0.25,0.2447916716337204
5,inclusionary_housing,real,16,18,24.279483874820443,38.55479245555577,19.130012009245537,44.61702043131624,0.04480872120332318,0.05386128059956773,14.484768201756435,34.044840208647464,46.73432658616758,59.37557215690759,14.202063609728238,20.86350474163302,0.2623385538353998,0.354459009971618,20.399576249910407,36.33579520827928,6.027673233940134,7.878848083151041,19.649775721099985,25.152434258959175,0.034231460583926024,0.04550446006905729,8.57056013854135,15.217569526970266,97.5944221298686,125.67131334130983,77.82362770698698,108.88544104277223,0.013855798956505938,0.01568973468269481,58.477301878604024,96.00228905982135,14.484768201756435,34.044840208647464,20.399576249910407,36.33579520827928,1.0,5.859758377075195,0.4895265996456146,0.03243385627865791,0.019620200619101524,0.25,0.2447916716337204
6,inclusionary_housing,real,16,18,22.337732526039048,50.02080217935042,18.428707050622155,50.62561177818687,0.022607933457270905,0.02933065480285548,13.596349170039492,41.08947180186474,20.09563430649845,35.525183977692215,24.912341691532664,33.43402264949559,0.20592981245785252,0.3074760807616721,15.071301936829657,28.165978938642176,12.991362790380254,21.41613311634414,14.901356326800393,18.588224246708865,0.03302969253724537,0.039964681785532724,9.30858293657263,16.372481337890296,100.41798453795253,130.96112586835758,80.19823330817857,114.294997344367,0.013759047771841337,0.015427212813338812,60.20999229796765,100.35630381239228,13.596349170039492,41.08947180186474,15.071301936829657,28.165978938642176,1.0,5.437876224517822,0.532330334186554,0.012727447785437107,0.017551163211464882,0.25,0.2447916716337204
7,inclusionary_housing,real,16,18,23.596361420086975,44.5354113965291,18.966613387925765,49.30004246332016,0.018495490741185415,0.022474131027859435,14.193823432917974,38.3575179950851,34.3429440292727,49.866648266039526,16.392171151573315,24.58909615305012,0.17894238826667472,0.2619658406753833,16.971352523037567,32.100752249828076,6.781959170509833,8.779286667459008,8.183889765404967,11.60512390498965,0.024288076470866667,0.037708503002404435,4.996712337461889,8.401511712598403,99.83047929233213,129.3669380030929,79.85620394817651,112.92601570926972,0.01418232657188973,0.016037555307265302,59.90028852236017,99.14314555138526,14.193823432917974,38.3575179950851,16.971352523037567,32.100752249828076,1.0,5.815353870391846,0.37325549125671387,0.020504212006926537,0.009440186433494091,0.25,0.2447916716337204
8,inclusionary_housing,real,16,18,24.59163067193785,43.5996845652852,19.81614038965599,44.6051616056607,0.028266226506125015,0.036949864502108146,14.812012429366657,36.01182352761364,27.459817244810676,31.64059847515962,20.57862659252421,27.74405609601113,0.14188046289013495,0.23581888848782134,16.060108100075006,24.29619813244487,10.885263330921052,15.495751262054569,14.98381088194665,19.78790237129625,0.029906090256441288,0.03760438281536401,8.632993434374715,14.510694923871661,98.21382861639529,124.24154225306752,77.1920005584827,108.93206448204316,0.013457626884951179,0.015236261361490942,58.473095600587655,95.3976864252735,14.812012429366657,36.01182352761364,16.060108100075006,24.29619813244487,1.0,5.809940814971924,0.5143689513206482,0.03444405272603035,0.022285185754299164,0.25,0.2447916716337204
9,inclusionary_housing,real,16,18,22.30813739858013,45.209310763102565,17.90246920836175,48.04477219693315,0.02394920364163847,0.030181742340515353,13.411518603527838,38.08841830122622,20.75342064675963,43.14733984830207,23.749283564335407,32.483538527413415,0.09642511170085989,0.20949251700375143,14.866376440931965,31.181816808098844,6.636667664439972,8.222322316880298,3.8522181991854767,5.240990940666032,0.024358080350528156,0.030395758008028934,3.504414647991992,5.6295498406449305,100.23241518413028,129.9068080455138,79.91317987171308,112.53232054335584,0.013759105162198321,0.015461733259404684,60.05311805366852,99.22919963819747,13.411518603527838,38.08841830122622,14.866376440931965,31.181816808098844,1.0,5.5809454917907715,0.49643945693969727,0.02683195285499096,0.03398474305868149,0.25,0.2447916716337204
10,inclusionary_housing,real,16,18,26.562430677220913,47.30132466282511,22.18325807508353,48.10589500773464,0.01826769484585291,0.022129102138311128,16.2546521490501,38.95122137173765,18.858875995866647,25.052714781003214,20.364616712079158,28.362316975304605,0.06826949012101508,0.1762357129597395,13.09725406602227,21.848650615331458,7.185578847777893,10.11538612995069,18.827898517097793,22.422486479213358,0.034521044495388745,0.04408560030017784,8.682666136457025,14.202005492284748,101.99615504789104,131.75851064132982,77.01431725213767,108.28482824716029,0.014257197268676119,0.016212491378059073,59.674909832432455,98.46473043309011,16.2546521490501,38.95122137173765,13.09725406602227,21.848650615331458,0.0,5.63347864151001,0.5906897187232971,0.01745259203016758,0.02797694504261017,0.25,0.2447916716337204
1,land_value_capture,real,16,18,27.418692209095298,47.899436068732875,19.479776979379864,47.35714682773038,0.0220725896777481,0.027063307765887463,15.640180592717636,38.888970432023825,22.21903929321367,27.190206849688654,18.630492269058458,26.74762970563502,0.19513234329826615,0.2580229884897352,13.681554635190132,22.02127470773974,9.71570769589808,12.229149366447704,10.77807903800456,14.874075123109641,0.050111789852363434,0.06368183736806977,6.847966174585001,11.11746764287635,100.49980554021604,128.72779538489183,78.09076460184208,110.90213271206032,0.014266803607200968,0.015899452176096972,59.53494564855511,98.09880834738445,15.640180592717636,38.888970432023825,13.681554635190132,22.02127470773974,0.0,5.6610026359558105,0.5797906517982483,0.018978573381900787,0.02763565629720688,0.25,0.2447916716337204
2,land_value_capture,real,16,18,22.759422001236118,43.871004081943525,18.218368544221022,50.34350884577108,0.028724094393205186,0.036307475370142644,13.668838213283447,38.55357830472162,26.66273430729322,31.813051017417912,19.932067790763643,27.383575663560734,0.06151038568926648,0.11694745040540454,15.55210416124871,24.234576592580463,16.669972180899872,24.82623511130824,11.651485166587554,15.880900835865056,0.025424840706872787,0.03539884112312323,9.448960729398099,17.01515221049057,100.20617181230821,129.7052685146157,78.94723592450052,111.68167407693575,0.014230512016603736,0.01593375291904028,59.722546082941776,98.8201282785377,13.668838213283447,38.55357830472162,15.55210416124871,24.234576592580463,1.0,5.608989715576172,0.5431074500083923,0.014795173890888691,0.022716641426086426,0.25,0.2447916716337204
3,land_value_capture,real,16,18,25.680544731853196,47.29631700713683,19.12764545897412,48.48618788063152,0.026962460357563372,0.03861266640339852,14.945050883728292,39.10606734073153,41.124246008773675,67.80364092903127,25.137207699112615,33.236184062693646,0.4948562299705717,0.702999892548765,22.25210331261895,43.59843981585878,4.04101392686764,5.428877334683936,4.367815819075174,5.935548143622461,0.018388012981259836,0.022513481666575026,2.8090725863080253,4.6441342119983915,100.79532590932413,131.8222366259623,76.73402733745942,106.35433999405309,0.013885726807824314,0.015600307136714989,59.181079657863805,97.78948128166516,14.945050883728292,39.10606734073153,22.25210331261895,43.59843981585878,1.0,5.773029804229736,0.30996739864349365,0.034763820469379425,0.018247881904244423,0.25,0.2447916716337204
4,land_value_capture,real,16,18,27.070320069249554,48.534968704128275,19.499312099349893,48.85386489046518,0.02296038410745233,0.028089951759212178,15.530864184235634,39.759041281583265,27.173885375704295,44.020170657090475,27.200271026491997,37.52866008005015,0.1990484706602817,0.24668704884172601,18.191068290952195,33.39778738471251,3.5741335987691025,4.939207829558558,12.583319706832764,17.643284473707435,0.022426111971416925,0.02885393271717281,5.393293139191095,10.57799750351599,102.33440495907526,133.33977427463452,78.2458765148585,110.05937249559811,0.014828724452254995,0.016393372746509014,60.19837006612867,99.8207746354735,15.530864184235634,39.759041281583265,18.191068290952195,33.39778738471251,1.0,5.701198577880859,0.4031315743923187,0.035741206258535385,0.03490440174937248,0.25,0.2447916716337204
5,land_value_capture,real,16,18,24.3406765878891,39.21918579443331,19.005655206468635,44.74028935400728,0.04210502142664225,0.05092666816116606,14.462812271928128,34.35035477441296,49.15960098801205,62.34198915227654,14.116483184251427,21.22522698706324,0.2596821871657376,0.34726861303038287,21.1785887864764,38.02260059317581,6.103123006912474,7.973167279889665,19.826648573606125,25.298932288321158,0.0341056622639526,0.04534657139714759,8.654625747594183,15.31458376530575,98.37421056483252,127.16028587783111,77.86189376215762,108.97054161508893,0.013855798956505938,0.01568973468269481,58.749986708648876,96.68560301407398,14.462812271928128,34.35035477441296,21.1785887864764,38.02260059317581,1.0,5.836742401123047,0.4818700850009918,0.03251165151596069,0.019587188959121704,0.25,0.2447916716337204
6,land_value_capture,real,16,18,22.371347238804425,50.247221517033104,18.569141024936904,50.85826334555688,0.02280848686979456,0.02988579249326597,13.654432250203707,41.27689876055937,20.03764246818631,35.03566821912477,24.87956491798476,33.224690087642486,0.1996064768119044,0.30377665992526054,15.038937954327656,27.877531928296627,12.963227029909708,21.436561935731177,14.943289207648945,18.561596785930632,0.03263107625078519,0.03950114298971202,9.313049104603147,16.37132272408277,101.23540488750484,132.531343486289,80.23851508751754,114.38626178836098,0.013759047771841337,0.015427212813338812,60.49589300759808,101.07550664428229,13.654432250203707,41.27689876055937,15.038937954327656,27.877531928296627,1.0,5.420866012573242,0.5272842049598694,0.012246613390743732,0.017944663763046265,0.25,0.2447916716337204
7,land_value_capture,real,16,18,24.409920042827757,46.68812976513514,19.643423147617174,49.732433622568024,0.025807012153433916,0.03259281901726712,14.693050067532788,39.38314985405596,35.13596396743195,50.67717987042315,16.37196792620345,24.4344355212877,0.17331569407765662,0.25785602127165513,17.227082529237684,32.48222431110537,6.745844233515328,8.752309463142208,8.140042488013265,11.561393787853769,0.024457415830979486,0.037697514807595985,4.970114712453191,8.371980418018486,100.63631627277576,130.90998568984907,79.89599576381086,113.01572059353173,0.01418232657188973,0.016037555307265302,60.18216478771949,99.8498501280713,14.693050067532788,39.38314985405596,17.227082529237684,32.48222431110537,1.0,5.782804012298584,0.3861151933670044,0.021376870572566986,0.008785397745668888,0.25,0.2447916716337204
8,land_value_capture,real,16,18,24.745592909111906,43.98858015389293,19.981868677123032,45.62729902022035,0.031480118247533426,0.03890428917318725,14.919647234827492,36.59165256985888,28.132704394254212,33.27795757536576,15.895430770310472,21.788058554188034,0.11981282288669833,0.2097989450282481,14.715982662483794,22.96508924103355,10.864720092650543,15.383165228141896,15.061894049974285,19.821145968102783,0.029990638037324362,0.037663677482415905,8.65220159355405,14.485866887852596,98.98023131076818,125.68662474649935,77.23033982331961,109.01806067526334,0.013457626884951179,0.015236261361490942,58.74134292032425,96.05912315809536,14.919647234827492,36.59165256985888,14.715982662483794,22.96508924103355,0.0,5.821418285369873,0.4843882620334625,0.03612635284662247,0.02188681624829769,0.25,0.2447916716337204
9,land_value_capture,real,16,18,21.90315555517133,45.248843084436736,18.158024245183366,48.16354481163754,0.021464996946433158,0.026901951101389873,13.360881599100377,38.15401059311052,21.096636471399886,44.176724286558574,23.890932164736103,32.5949155439896,0.0963298173117777,0.20831857780366214,15.027966151149256,31.69676579001022,6.654405318815952,8.29552228593385,3.808310693999303,5.335826328291912,0.024402775425567676,0.030458836551106167,3.4957062627469413,5.694665935266158,101.04392717329397,131.4565992791774,79.95269143277166,112.62073920041206,0.013759105162198321,0.015461733259404684,60.33679257040928,99.94042997565873,13.360881599100377,38.15401059311052,15.027966151149256,31.69676579001022,1.0,5.550552845001221,0.4981105327606201,0.026697436347603798,0.0343669131398201,0.25,0.2447916716337204
10,land_value_capture,real,16,18,27.041038078982854,47.208086408928246,21.852901706511787,48.09969102210962,0.01728074738759987,0.02066590832198549,16.30374017762741,38.91094158843163,18.92740226762728,24.293457446171598,19.089879090093604,27.527885463199386,0.06758669424997085,0.1799990395595385,12.69495601732362,21.19739726490194,7.254682743302223,10.106576522802305,18.96200748377224,22.53447550633304,0.03448602884424395,0.04406758990379645,8.750392085306235,14.258885151713445,102.81934782099043,133.326222169741,77.05236655143793,108.369956848226,0.014257197268676119,0.016212491378059073,59.961990523232345,99.1966554009196,16.30374017762741,38.91094158843163,12.69495601732362,21.19739726490194,0.0,5.62192964553833,0.5761153697967529,0.017433250322937965,0.027892760932445526,0.25,0.2447916716337204
1,baseline,no_edges,16,18,24.9834890729421,49.24413540500239,22.34931708577705,53.121076094681506,0.021748284915474748,0.026743373246442173,15.78485148121154,41.82038702375978,,,,,,,,,,,,,,,,,,,,,,,,,15.78485148121154,41.82038702375978,,,,6.110972881317139,0.0,0.019581208005547523,0.0,0.25,0.0
2,baseline,no_edges,16,18,18.97288918478612,38.87701725269712,18.6343227665862,48.52554329189823,0.01921510918922239,0.023296769551790768,12.542142353520514,35.89870640649823,,,,,,,,,,,,,,,,,,,,,,,,,12.542142353520514,35.89870640649823,,,,6.150144100189209,0.0,0.009284470230340958,0.0,0.25,0.0
3,baseline,no_edges,16,18,20.60925164769819,43.201260297951585,21.106218471617268,46.91496126962141,0.025003401435386114,0.031784639400876905,13.913491173583614,36.82102430462224,,,,,,,,,,,,,,,,,,,,,,,,,13.913491173583614,36.82102430462224,,,,6.160980224609375,0.0,0.0171364676207304,0.0,0.25,0.0
4,baseline,no_edges,16,18,21.424250248703434,45.97587080430179,17.14081046174048,47.42622050156139,0.025167506944440164,0.030699379900150096,12.863409405796116,38.13584503555895,,,,,,,,,,,,,,,,,,,,,,,,,12.863409405796116,38.13584503555895,,,,6.104320049285889,0.0,0.014865309931337833,0.0,0.25,0.0
5,baseline,no_edges,16,18,22.973596836187706,42.80914614638036,16.988941728443457,50.47433104903076,0.01576859187702242,0.01896906491205886,13.326102385502729,38.211173969816414,,,,,,,,,,,,,,,,,,,,,,,,,13.326102385502729,38.211173969816414,,,,6.205382823944092,0.0,0.019550539553165436,0.0,0.25,0.0
6,baseline,no_edges,16,18,23.064444320492036,43.731266727737754,20.75941038506739,51.280988037107214,0.017502214925571986,0.02024421230995702,14.613785640161666,38.910854670227124,,,,,,,,,,,,,,,,,,,,,,,,,14.613785640161666,38.910854670227124,,,,6.0489983558654785,0.0,0.015388627536594868,0.0,0.25,0.0
7,baseline,no_edges,16,18,22.292014533741813,45.31093758083168,21.97089837831292,47.68044417504534,0.020191193509139782,0.02499675843525158,14.761034701854623,37.97589782138829,,,,,,,,,,,,,,,,,,,,,,,,,14.761034701854623,37.97589782138829,,,,6.117057800292969,0.0,0.011729220859706402,0.0,0.25,0.0
8,baseline,no_edges,16,18,20.28427176780501,38.745723756530204,17.83729824629315,47.064308778260305,0.016517808954535158,0.01943238769508814,12.712695941017564,35.19602557018084,,,,,,,,,,,,,,,,,,,,,,,,,12.712695941017564,35.19602557018084,,,,6.245991230010986,0.0,0.014619964174926281,0.0,0.25,0.0
9,baseline,no_edges,16,18,23.07617398016712,43.994179299315,15.859482391348724,47.40623543295103,0.015094984178169337,0.018179375574255998,12.983583785231337,37.340055796398026,,,,,,,,,,,,,,,,,,,,,,,,,12.983583785231337,37.340055796398026,,,,6.142852783203125,0.0,0.005011832341551781,0.0,0.25,0.0
10,baseline,no_edges,16,18,25.455687832906555,44.206272349108204,19.83003210375251,49.18361618934157,0.01545428572989425,0.018034494628890996,15.100391407462988,38.180374285344506,,,,,,,,,,,,,,,,,,,,,,,,,15.100391407462988,38.180374285344506,,,,6.163232326507568,0.0,0.013548154383897781,0.0,0.25,0.0
1,market_led,no_edges,16,18,25.481243311735163,50.848918222931026,21.262417629882798,55.957829884965946,0.018227616826675605,0.023282173692878123,15.587296186148214,43.65352888345809,,,,,,,,,,,,,,,,,,,,,,,,,15.587296186148214,43.65352888345809,,,,6.020501613616943,0.0,0.030178995802998543,0.0,0.25,0.0
2,market_led,no_edges,16,18,19.99453412329397,40.64170887286958,18.3849749687502,48.46103921322905,0.02003158970804698,0.024027088843257396,12.799846893917408,36.515847696738504,,,,,,,,,,,,,,,,,,,,,,,,,12.799846893917408,36.515847696738504,,,,6.091414928436279,0.0,0.040955569595098495,0.0,0.25,0.0
3,market_led,no_edges,16,18,22.873484559441316,46.06642265593639,19.676079439757125,47.964285587185955,0.020358760750114314,0.025408160524177367,14.189974253316185,38.3956969541255,,,,,,,,,,,,,,,,,,,,,,,,,14.189974253316185,38.3956969541255,,,,6.060119152069092,0.0,0.03435513749718666,0.0,0.25,0.0
4,market_led,no_edges,16,18,25.749557337279136,50.603134289724935,20.205755740634054,50.7681424883263,0.022089437326185596,0.028029957631516788,15.325800838413123,41.38470843736634,,,,,,,,,,,,,,,,,,,,,,,,,15.325800838413123,41.38470843736634,,,,6.049317836761475,0.0,0.034124042838811874,0.0,0.25,0.0
5,market_led,no_edges,16,18,24.25212069024789,42.20502550510938,17.615273132360358,50.10261159605067,0.01900947846557386,0.02362759058157951,13.962134433691272,37.82211180819443,,,,,,,,,,,,,,,,,,,,,,,,,13.962134433691272,37.82211180819443,,,,6.095788955688477,0.0,0.04233977571129799,0.0,0.25,0.0
6,market_led,no_edges,16,18,24.175217207223817,47.292879466214494,18.57889986043515,53.505281701859836,0.021336794975106644,0.02795954360599055,14.258484620878024,41.22876180506899,,,,,,,,,,,,,,,,,,,,,,,,,14.258484620878024,41.22876180506899,,,,5.906949996948242,0.0,0.030183324590325356,0.0,0.25,0.0
7,market_led,no_edges,16,18,22.06704572575166,45.240928817826756,22.015343439445008,50.91076765553722,0.024197302221959753,0.02871154805176675,14.702195489139546,39.321956241302615,,,,,,,,,,,,,,,,,,,,,,,,,14.702195489139546,39.321956241302615,,,,6.007593631744385,0.0,0.028103439137339592,0.0,0.25,0.0
8,market_led,no_edges,16,18,24.09488309530618,40.00775155811119,20.42647432526229,49.90130720128874,0.0271959278881648,0.032766828815871694,14.84951778281888,36.926782145203724,,,,,,,,,,,,,,,,,,,,,,,,,14.84951778281888,36.926782145203724,,,,6.182995319366455,0.0,0.04413427785038948,0.0,0.25,0.0
9,market_led,no_edges,16,18,24.83595653150407,44.611502342775125,17.77846790859768,50.612478869139586,0.019232151197968023,0.023517125881905125,14.211218863766572,38.95214889927444,,,,,,,,,,,,,,,,,,,,,,,,,14.211218863766572,38.95214889927444,,,,5.994925022125244,0.0,0.04427478834986687,0.0,0.25,0.0
10,market_led,no_edges,16,18,27.170105903660442,45.66415735327751,21.93699622769368,54.01131421969027,0.015882220543964924,0.018414821791446486,16.374328117299363,40.8347795783148,,,,,,,,,,,,,,,,,,,,,,,,,16.374328117299363,40.8347795783148,,,,6.077785015106201,0.0,0.021970322355628014,0.0,0.25,0.0
1,inclusionary_housing,no_edges,16,18,25.14687269237023,49.70903973006416,19.44576526899878,51.2415050826695,0.01873951897733476,0.023975602722989934,14.870459160115447,41.21763800790412,,,,,,,,,,,,,,,,,,,,,,,,,14.870459160115447,41.21763800790412,,,,6.142414093017578,0.0,0.03028254024684429,0.0,0.25,0.0
2,inclusionary_housing,no_edges,16,18,20.204388560822625,38.087475448672045,17.945130135968263,44.89441295533813,0.02321787823242611,0.028008296590331036,12.724245525007772,33.99100314849164,,,,,,,,,,,,,,,,,,,,,,,,,12.724245525007772,33.99100314849164,,,,6.240070343017578,0.0,0.0384451188147068,0.0,0.25,0.0
3,inclusionary_housing,no_edges,16,18,21.200264053744803,44.43569193912653,18.795504301471414,44.350046553124955,0.021955222736021685,0.028279454716187435,13.339241192650748,36.24664649822042,,,,,,,,,,,,,,,,,,,,,,,,,13.339241192650748,36.24664649822042,,,,6.15435791015625,0.0,0.033454734832048416,0.0,0.25,0.0
4,inclusionary_housing,no_edges,16,18,25.580294193147243,48.82334925663315,19.43214772255888,46.86790439270799,0.02271402169322887,0.029287529486094126,15.011718645799784,39.07395019941283,,,,,,,,,,,,,,,,,,,,,,,,,15.011718645799784,39.07395019941283,,,,6.179293155670166,0.0,0.033335309475660324,0.0,0.25,0.0
5,inclusionary_housing,no_edges,16,18,22.27690166558156,40.61100087656867,15.353739826800364,45.69999787800141,0.017395034373510226,0.020897146247640483,12.54934550891848,35.29751471391301,,,,,,,,,,,,,,,,,,,,,,,,,12.54934550891848,35.29751471391301,,,,6.201938629150391,0.0,0.042493950575590134,0.0,0.25,0.0
6,inclusionary_housing,no_edges,16,18,24.39359507645755,46.0239932219169,17.651376412026615,49.43106971783838,0.020178443149857044,0.02579739420472477,14.021716643878007,38.99418448540927,,,,,,,,,,,,,,,,,,,,,,,,,14.021716643878007,38.99418448540927,,,,6.033993244171143,0.0,0.027968870475888252,0.0,0.25,0.0
7,inclusionary_housing,no_edges,16,18,21.606250305412267,44.64304495396562,20.04565567175002,46.16571599644045,0.022112051865826987,0.02638292059570798,13.89133934300937,37.07773587246256,,,,,,,,,,,,,,,,,,,,,,,,,13.89133934300937,37.07773587246256,,,,6.12778902053833,0.0,0.027248898521065712,0.0,0.25,0.0
8,inclusionary_housing,no_edges,16,18,23.80814171155638,40.950802508451055,19.660529930524564,45.73488774818069,0.02654234447253647,0.03664555987094302,14.498404662184495,35.443144735956615,,,,,,,,,,,,,,,,,,,,,,,,,14.498404662184495,35.443144735956615,,,,6.307173252105713,0.0,0.03313544765114784,0.0,0.25,0.0
9,inclusionary_housing,no_edges,16,18,24.573998475848803,43.49362100474999,16.97244993951032,47.40860212856229,0.020748132230894965,0.025626351211139625,13.855732182530007,37.145081686987965,,,,,,,,,,,,,,,,,,,,,,,,,13.855732182530007,37.145081686987965,,,,6.103267669677734,0.0,0.04388470947742462,0.0,0.25,0.0
10,inclusionary_housing,no_edges,16,18,27.27458550068916,45.938306313451925,19.329186224752906,49.08440916416631,0.015298096303583858,0.017611098072444358,15.539689940581885,38.81411908096763,,,,,,,,,,,,,,,,,,,,,,,,,15.539689940581885,38.81411908096763,,,,6.197916030883789,0.0,0.023699000477790833,0.0,0.25,0.0
1,land_value_capture,no_edges,16,18,25.298372898280032,50.174238270681826,19.399474443900985,51.369326810999134,0.0186205422083134,0.02355473844718823,14.905489294796443,41.45786004239361,,,,,,,,,,,,,,,,,,,,,,,,,14.905489294796443,41.45786004239361,,,,6.125837326049805,0.0,0.029957586899399757,0.0,0.25,0.0
2,land_value_capture,no_edges,16,18,21.162560546057446,43.0336608864607,19.243752086221726,45.68155620607016,0.019510141978436448,0.02279292495613675,13.47527425808587,36.23396687371612,,,,,,,,,,,,,,,,,,,,,,,,,13.47527425808587,36.23396687371612,,,,6.163862228393555,0.0,0.03583037853240967,0.0,0.25,0.0
3,land_value_capture,no_edges,16,18,21.78224715071563,45.216734154513006,19.12477653095607,44.637125147010956,0.021002145840391884,0.026903482318534348,13.642675275837364,36.68345091358037,,,,,,,,,,,,,,,,,,,,,,,,,13.642675275837364,36.68345091358037,,,,6.1365227699279785,0.0,0.03283894062042236,0.0,0.25,0.0
4,land_value_capture,no_edges,16,18,26.942875692307116,49.542603314858205,20.855919388027132,47.18934827015683,0.02283501707755267,0.02987160052846033,15.940543365803933,39.50234181112165,,,,,,,,,,,,,,,,,,,,,,,,,15.940543365803933,39.50234181112165,,,,6.182773590087891,0.0,0.03369462490081787,0.0,0.25,0.0
5,land_value_capture,no_edges,16,18,22.56770430280771,41.068587690324904,15.285459804055202,45.77478119402301,0.01734849595520537,0.021074724657777006,12.623504200939374,35.50567997932447,,,,,,,,,,,,,,,,,,,,,,,,,12.623504200939374,35.50567997932447,,,,6.183975696563721,0.0,0.04263316094875336,0.0,0.25,0.0
6,land_value_capture,no_edges,16,18,23.154877298616867,45.41151517833379,18.74072798545862,49.540768624994996,0.01769028992706385,0.02094639665476052,13.971098524667518,38.800747009556666,,,,,,,,,,,,,,,,,,,,,,,,,13.971098524667518,38.800747009556666,,,,6.034548282623291,0.0,0.02784704603254795,0.0,0.25,0.0
7,land_value_capture,no_edges,16,18,21.18650726132278,44.57750149203946,19.72535767998856,46.316195556844995,0.023584631228683338,0.028091989131429355,13.645149857513342,37.11398837497143,,,,,,,,,,,,,,,,,,,,,,,,,13.645149857513342,37.11398837497143,,,,6.101938247680664,0.0,0.027510439977049828,0.0,0.25,0.0
8,land_value_capture,no_edges,16,18,23.091525453986137,39.46912440443151,19.5090395724664,44.98304903692567,0.02437856074825175,0.030554440122682693,14.20831452906693,34.55086788820584,,,,,,,,,,,,,,,,,,,,,,,,,14.20831452906693,34.55086788820584,,,,6.2882843017578125,0.0,0.036313559859991074,0.0,0.25,0.0
9,land_value_capture,no_edges,16,18,23.680657370067102,43.42994522968961,16.110052994887873,46.915057089887966,0.02053120456690724,0.02559494001496231,13.270413856507295,36.91062800649808,,,,,,,,,,,,,,,,,,,,,,,,,13.270413856507295,36.91062800649808,,,,6.074466705322266,0.0,0.0440727137029171,0.0,0.25,0.0
10,land_value_capture,no_edges,16,18,27.47498065517833,46.65181118200818,19.033458539545517,48.90568564955487,0.01535922885467227,0.01760480509831226,15.507932807859508,39.02203601959617,,,,,,,,,,,,,,,,,,,,,,,,,15.507932807859508,39.02203601959617,,,,6.173038005828857,0.0,0.022885026410222054,0.0,0.25,0.0
1,baseline,shuffled,16,18,22.5009136089377,44.076689287825,17.996223328143383,49.69701670359069,0.02185638983274326,0.027025902351427482,13.506331108971278,38.351656801290154,,,,,,,,,,,,,,,,,,,,,,,,,13.506331108971278,38.351656801290154,,,,5.818028926849365,0.3508501946926117,0.013155712746083736,0.010666705667972565,0.25,0.2552083432674408
2,baseline,shuffled,16,18,24.84725077263749,44.99469255506905,21.716345428671627,51.46646768858062,0.01892178486814506,0.02393106608701378,15.527505995392424,39.468638297433166,,,,,,,,,,,,,,,,,,,,,,,,,15.527505995392424,39.468638297433166,,,,5.8022589683532715,0.3554793894290924,0.025304896757006645,0.03378619626164436,0.25,0.28125
3,baseline,shuffled,16,18,25.146807503980092,43.03439147757667,22.291573319630622,46.44098164028719,0.03161122176497779,0.037295505204710235,15.823330681791898,36.55463954371831,,,,,,,,,,,,,,,,,,,,,,,,,15.823330681791898,36.55463954371831,,,,6.119434833526611,0.1229410246014595,0.024668129161000252,0.007316966075450182,0.25,0.25
4,baseline,shuffled,16,18,24.3773022757944,51.9414534690148,20.27148137770923,51.86276989160194,0.02488668643123272,0.03436818908592898,14.891223446644954,42.37791354969199,,,,,,,,,,,,,,,,,,,,,,,,,14.891223446644954,42.37791354969199,,,,5.957290172576904,0.13653533160686493,0.0196888018399477,0.012096010148525238,0.25,0.2447916716337204
5,baseline,shuffled,16,18,21.649202416718673,38.28846295872335,17.290291032159892,47.67300080773529,0.02188280856595628,0.02676710866579176,12.987125419148173,35.302134582458166,,,,,,,,,,,,,,,,,,,,,,,,,12.987125419148173,35.302134582458166,,,,6.07484769821167,0.249468132853508,0.017183832824230194,0.012999479658901691,0.25,0.21875
6,baseline,shuffled,16,18,21.29952011967423,45.597626288537455,19.12573416390132,51.9528768901061,0.022767883902871926,0.02847730374104509,13.48267405582614,39.90925436230078,,,,,,,,,,,,,,,,,,,,,,,,,13.48267405582614,39.90925436230078,,,,5.374423503875732,0.6366420388221741,0.01708821766078472,0.013952984474599361,0.25,0.25
7,baseline,shuffled,16,18,22.91111102096666,46.47907347941161,19.714313589335603,48.30760056841143,0.03158013140792889,0.03710687705086287,14.219001580570064,38.703703186741066,,,,,,,,,,,,,,,,,,,,,,,,,14.219001580570064,38.703703186741066,,,,5.963982105255127,0.12419582158327103,0.015500386245548725,0.011348300613462925,0.25,0.2239583432674408
8,baseline,shuffled,16,18,26.560815090499368,43.733799270591085,18.2630958268287,48.15391768254073,0.034053337559828915,0.04996988231508484,14.9526547516293,37.556390862303765,,,,,,,,,,,,,,,,,,,,,,,,,14.9526547516293,37.556390862303765,,,,6.017797470092773,0.2532716691493988,0.024857908487319946,0.010289343073964119,0.25,0.25
9,baseline,shuffled,16,18,26.366557968397693,46.49156109988509,17.543654266149638,50.7658822192446,0.02388342640874643,0.028303782095098064,14.644698553652026,39.74351457410649,,,,,,,,,,,,,,,,,,,,,,,,,14.644698553652026,39.74351457410649,,,,5.956378936767578,0.1555972695350647,0.019314005970954895,0.019388781860470772,0.25,0.2708333432674408
10,baseline,shuffled,16,18,26.93783856791581,43.23872548399142,22.00685617627154,48.812914801376536,0.02373499022342731,0.02837215766927482,16.32280991147026,37.6487664156731,,,,,,,,,,,,,,,,,,,,,,,,,16.32280991147026,37.6487664156731,,,,6.000856876373291,0.22894565761089325,0.012444541789591312,0.011011749505996704,0.25,0.2708333432674408
1,market_led,shuffled,16,18,28.363130812113468,53.89920133072723,21.561581004992842,55.42580724260874,0.02488248796272317,0.03085527130940413,16.649864768356345,44.63610259507004,,,,,,,,,,,,,,,,,,,,,,,,,16.649864768356345,44.63610259507004,,,,5.645558834075928,0.4096146523952484,0.02914087474346161,0.011015579104423523,0.25,0.2552083432674408
2,market_led,shuffled,16,18,25.990524119075747,49.686823893921435,19.97714405728162,51.64178373381378,0.025517627237062614,0.03229624190195683,15.331061934531476,41.374933389363484,,,,,,,,,,,,,,,,,,,,,,,,,15.331061934531476,41.374933389363484,,,,5.691251754760742,0.40630409121513367,0.021086616441607475,0.00976608321070671,0.25,0.28125
3,market_led,shuffled,16,18,23.1723164717558,42.503973132698434,17.823713125223485,46.524292786810165,0.029623578232624286,0.03691514236888227,13.675217725070638,36.38268321654191,,,,,,,,,,,,,,,,,,,,,,,,,13.675217725070638,36.38268321654191,,,,5.988050937652588,0.1388220489025116,0.03844311460852623,0.022671490907669067,0.25,0.25
4,market_led,shuffled,16,18,27.338196564904877,52.918460712358396,23.053634795793762,55.040030434555895,0.025664544424142944,0.02992669773056986,16.80583196837426,44.08238245985008,,,,,,,,,,,,,,,,,,,,,,,,,16.80583196837426,44.08238245985008,,,,5.989823818206787,0.07415344566106796,0.039905842393636703,0.00934764463454485,0.25,0.2447916716337204
5,market_led,shuffled,16,18,26.375148293144143,43.954468603584,18.9376972283756,50.3016002001683,0.01990760426784649,0.024539989879293823,15.110917708595862,38.567027779059,,,,,,,,,,,,,,,,,,,,,,,,,15.110917708595862,38.567027779059,,,,5.990177154541016,0.23016341030597687,0.04385088384151459,0.006231473758816719,0.25,0.21875
6,market_led,shuffled,16,18,26.029986267125555,48.68374343201342,22.430646238577754,54.95354068877701,0.03774546347523061,0.04575556340327885,16.166125989726183,42.38710732584757,,,,,,,,,,,,,,,,,,,,,,,,,16.166125989726183,42.38710732584757,,,,5.3602986335754395,0.5648238062858582,0.01492143701761961,0.009791663847863674,0.25,0.25
7,market_led,shuffled,16,18,22.183780114819793,45.58679286414321,17.29755528679759,50.30343468685625,0.03580123086536372,0.04372951139910608,13.172378877494252,39.19435817054659,,,,,,,,,,,,,,,,,,,,,,,,,13.172378877494252,39.19435817054659,,,,5.817193984985352,0.1566665768623352,0.027671923860907555,0.014921270310878754,0.25,0.2239583432674408
8,market_led,shuffled,16,18,23.473202944478764,41.66384706071183,20.580649517442403,49.90179846375077,0.03714012257552449,0.05189435001163881,14.696997528165562,37.53251183902097,,,,,,,,,,,,,,,,,,,,,,,,,14.696997528165562,37.53251183902097,,,,5.992031574249268,0.2106337547302246,0.03855188563466072,0.00668615335598588,0.25,0.25
9,market_led,shuffled,16,18,30.937496222572044,49.216508408162056,21.16360624549041,53.814063571051946,0.027786223998559734,0.03538765446112652,17.376296230687007,42.10391664364886,,,,,,,,,,,,,,,,,,,,,,,,,17.376296230687007,42.10391664364886,,,,5.965674877166748,0.2753713130950928,0.02011728473007679,0.012163668870925903,0.25,0.2708333432674408
10,market_led,shuffled,16,18,21.873116196537772,39.71004964008442,19.603501709375642,49.36279318973438,0.023783893360573103,0.030183948344582726,13.833467266424664,36.576742633269,,,,,,,,,,,,,,,,,,,,,,,,,13.833467266424664,36.576742633269,,,,5.877294063568115,0.23045052587985992,0.025341587141156197,0.009110433049499989,0.25,0.2708333432674408
1,inclusionary_housing,shuffled,16,18,27.3091281473903,51.011793585539266,20.573738493579004,51.1706902237276,0.024083709843243446,0.028893287942945867,15.96898345027085,41.71587810258202,,,,,,,,,,,,,,,,,,,,,,,,,15.96898345027085,41.71587810258202,,,,5.756931304931641,0.41228535771369934,0.02896503545343876,0.012289673089981079,0.25,0.2552083432674408
2,inclusionary_housing,shuffled,16,18,24.301847193541203,45.858372278885334,17.608792649255207,46.93085937457268,0.02647885490976538,0.03271425475121321,13.979039565902058,37.88358017192153,,,,,,,,,,,,,,,,,,,,,,,,,13.979039565902058,37.88358017192153,,,,5.861902236938477,0.36500248312950134,0.025101399049162865,0.005377981346100569,0.25,0.28125
3,inclusionary_housing,shuffled,16,18,22.752157673889155,41.502456150831904,17.54494355401122,43.030871487687,0.025184675180493925,0.03124223367181444,13.440761967693623,34.51623165806064,,,,,,,,,,,,,,,,,,,,,,,,,13.440761967693623,34.51623165806064,,,,6.0960845947265625,0.14167644083499908,0.03961632028222084,0.021373359486460686,0.25,0.25
4,inclusionary_housing,shuffled,16,18,27.339875006894726,51.135694399764915,21.38610543854319,51.13432178416913,0.027721021581335582,0.032758162401159856,16.25123382233975,41.75156356022413,,,,,,,,,,,,,,,,,,,,,,,,,16.25123382233975,41.75156356022413,,,,6.102184772491455,0.08824978023767471,0.03915232792496681,0.008210764266550541,0.25,0.2447916716337204
5,inclusionary_housing,shuffled,16,18,27.10304215395604,42.55007838343259,17.39356878902746,46.68306964551997,0.021798206761284446,0.028328921270198988,14.839469716581595,36.46833770314786,,,,,,,,,,,,,,,,,,,,,,,,,14.839469716581595,36.46833770314786,,,,6.134149551391602,0.20065493881702423,0.044935792684555054,0.006281199399381876,0.25,0.21875
6,inclusionary_housing,shuffled,16,18,26.5471737732841,47.929397147621685,21.632075153301216,51.237827614515034,0.04218352832743559,0.051944873052755206,16.073810818304253,40.507385284904295,,,,,,,,,,,,,,,,,,,,,,,,,16.073810818304253,40.507385284904295,,,,5.535274505615234,0.5224038362503052,0.015046806074678898,0.008757227100431919,0.25,0.25
7,inclusionary_housing,shuffled,16,18,21.638090797253966,44.32360852799997,16.150801609058387,46.13495257436793,0.03543145009888819,0.04359832466142594,12.60810795213708,36.93696442497895,,,,,,,,,,,,,,,,,,,,,,,,,12.60810795213708,36.93696442497895,,,,5.932353496551514,0.15230517089366913,0.02810501493513584,0.014794085174798965,0.25,0.2239583432674408
8,inclusionary_housing,shuffled,16,18,22.846340156324736,40.34505977350515,19.034553078082645,46.08377450669153,0.031038234947155862,0.04412134613530762,13.970643823118177,35.36212695151165,,,,,,,,,,,,,,,,,,,,,,,,,13.970643823118177,35.36212695151165,,,,6.107683181762695,0.2083808183670044,0.035090863704681396,0.006240032147616148,0.25,0.25
9,inclusionary_housing,shuffled,16,18,31.125002886908213,48.13280134554155,19.450020369751957,49.04711124167415,0.03076403269261806,0.04075888526145357,16.8685957631176,39.67529604094238,,,,,,,,,,,,,,,,,,,,,,,,,16.8685957631176,39.67529604094238,,,,6.0911946296691895,0.28413182497024536,0.0192519873380661,0.01166477333754301,0.25,0.2708333432674408
10,inclusionary_housing,shuffled,16,18,25.22504941412848,42.63947875241462,18.77008980561909,47.66963252406918,0.027126332258281684,0.035310981761807046,14.674088517335285,36.92569232085272,,,,,,,,,,,,,,,,,,,,,,,,,14.674088517335285,36.92569232085272,,,,5.9672532081604,0.2282159924507141,0.028551219031214714,0.01014141645282507,0.25,0.2708333432674408
1,land_value_capture,shuffled,16,18,28.020311346725766,52.28769375262074,20.658667021371986,51.29627818919653,0.02395733035885651,0.028713752533944543,16.234311899485537,42.28991959679783,,,,,,,,,,,,,,,,,,,,,,,,,16.234311899485537,42.28991959679783,,,,5.753089427947998,0.406211256980896,0.028279773890972137,0.012450307607650757,0.25,0.2552083432674408
2,land_value_capture,shuffled,16,18,24.21992404492535,46.57818292752209,17.04006312598347,47.183904436214895,0.028719876913942965,0.03562435418878679,13.762902349274254,38.27901614797235,,,,,,,,,,,,,,,,,,,,,,,,,13.762902349274254,38.27901614797235,,,,5.835111141204834,0.3497522175312042,0.025086281821131706,0.005114782135933638,0.25,0.28125
3,land_value_capture,shuffled,16,18,24.21379687331197,41.86567176471797,17.614526070871644,43.081421357614154,0.03186848819200869,0.03802913496708316,13.953397144125208,34.68306399728117,,,,,,,,,,,,,,,,,,,,,,,,,13.953397144125208,34.68306399728117,,,,6.081580638885498,0.14462874829769135,0.03935769572854042,0.02221650630235672,0.25,0.25
4,land_value_capture,shuffled,16,18,28.10336589221098,51.713294119991836,21.04056393109287,50.4724457544399,0.026698536842625374,0.03283613088943409,16.39020945338216,41.72023349002716,,,,,,,,,,,,,,,,,,,,,,,,,16.39020945338216,41.72023349002716,,,,6.096341609954834,0.0922483280301094,0.039181023836135864,0.008806360885500908,0.25,0.2447916716337204
5,land_value_capture,shuffled,16,18,27.496505767948037,43.08832468166226,17.168570316485038,46.64134456804092,0.02200386714080895,0.028458760245461505,14.895693317191297,36.66069446918184,,,,,,,,,,,,,,,,,,,,,,,,,14.895693317191297,36.66069446918184,,,,6.122562885284424,0.197213813662529,0.04492497071623802,0.006243774201720953,0.25,0.21875
6,land_value_capture,shuffled,16,18,26.964321272612683,49.10001348234646,21.52819441912471,51.20919820865116,0.041063677345248094,0.050561684580673824,16.17785978969421,40.96012638987447,,,,,,,,,,,,,,,,,,,,,,,,,16.17785978969421,40.96012638987447,,,,5.5041327476501465,0.5264860987663269,0.014964225701987743,0.00940727535635233,0.25,0.25
7,land_value_capture,shuffled,16,18,21.797705584186694,44.75531220215315,16.05744870117955,46.21738607066202,0.032537404622879185,0.040412642940678846,12.629230563329706,37.144252039396044,,,,,,,,,,,,,,,,,,,,,,,,,12.629230563329706,37.144252039396044,,,,5.9106831550598145,0.15734024345874786,0.028965620324015617,0.014758520759642124,0.25,0.2239583432674408
8,land_value_capture,shuffled,16,18,23.404607207496923,41.10886151686537,19.23748556774858,45.96281407287317,0.03330145932499642,0.04869484225102724,14.225131411523499,35.60206522051769,,,,,,,,,,,,,,,,,,,,,,,,,14.225131411523499,35.60206522051769,,,,6.096329212188721,0.21354210376739502,0.03476463258266449,0.0060066464357078075,0.25,0.25
9,land_value_capture,shuffled,16,18,30.41096628802967,48.08980414594392,20.065658404031527,49.914451032290444,0.020869239780619296,0.027109893511223997,16.832497977280603,40.01700646640331,,,,,,,,,,,,,,,,,,,,,,,,,16.832497977280603,40.01700646640331,,,,6.047030925750732,0.28490856289863586,0.020562293007969856,0.01491521019488573,0.25,0.2708333432674408
10,land_value_capture,shuffled,16,18,20.847657433730284,38.32516238180382,17.172821658763866,45.07344216254243,0.025907192873803615,0.0324320188199649,12.682128761789318,34.15862171208285,,,,,,,,,,,,,,,,,,,,,,,,,12.682128761789318,34.15862171208285,,,,5.975250244140625,0.22434628009796143,0.024124696850776672,0.009000133723020554,0.25,0.2708333432674408
